Country_name,gdp_per_capita_usd,population_urban
Bangladesh,,60987417
Brazil,,183241641
France,,54123364
India,,471031528
Indonesia,,151509724
Iran,,62509623
Japan,,115782416
Liechtenstein,173356,
Luxembourg,116348,
Mexico,,102626859
Pakistan,,79927762
Philippines,,50975903
Russia,,107683889
Turkey,,63097818
United Kingdom,,55908316
United States of America,,270663028
