Country_name,population_urban
Mexico,102626859
United Kingdom,55908316
Bangladesh,60987417
France,54123364
Philippines,50975903
Indonesia,151509724
Iran,62509623
Brazil,183241641
Turkey,63097818
United States of America,270663028
India,471031528
Japan,115782416
Pakistan,79927762
Russia,107683889
